mass,sex,Fmax
0.93,Male,1.8042
1.95,Female,3.081
1.16,Male,2.1344
1.05,Female,1.596
1.15,Male,2.2079999999999997
0.59,Female,0.826
0.82,Male,1.5415999999999999
0.31,Female,0.44639999999999996
0.73,Male,1.3723999999999998
1.25,Female,1.7249999999999999
1.17,Male,2.3165999999999998
2.12,Female,2.8408
0.87,Male,1.7922
0.97,Female,1.3192000000000002
1.26,Male,2.6964
0.9,Female,1.242
0.92,Male,1.748
0.85,Female,1.394
0.77,Male,1.6478000000000002
1.14,Female,1.6187999999999998
