mass,sex,Fmax
2.03,Male,3.9381999999999997
2.04,Female,3.3864
0.84,Male,1.7136
1.41,Female,1.9457999999999998
0.43,Male,0.8513999999999999
1.72,Female,2.8207999999999998
1.48,Male,2.9304
0.99,Female,1.6236
1.17,Male,2.3868
0.84,Female,1.2936
0.52,Male,1.1024
0.76,Female,1.1400000000000001
0.82,Male,1.7712
2.08,Female,2.9952
1.11,Male,2.22
1.82,Female,2.6572
2.09,Male,4.263599999999999
2.19,Female,3.4602
1.11,Male,2.2422000000000004
1.4,Female,2.324
