mass,sex,Fmax
0.7,Male,1.3159999999999998
1.97,Female,3.1914000000000002
1.53,Male,2.907
1.72,Female,2.3735999999999997
1.13,Male,2.3051999999999997
1.32,Female,1.8215999999999999
1.72,Male,3.1648
1.22,Female,1.9764000000000002
1.74,Male,3.7236000000000002
1.95,Female,2.964
2.3,Male,4.508
1.89,Female,2.646
0.93,Male,1.8786
0.37,Female,0.5624
0.95,Male,1.805
1.52,Female,2.1888
1.22,Male,2.3912
0.31,Female,0.42779999999999996
1.59,Male,3.021
1.2,Female,1.776
